fecha,turno,equipo_id,operador,zona,toneladas_extraidas,horas_operativas,consumo_combustible,incidentes,ley_mineral
2024-01-01,Día,EQ-004,María García,Sur,143.63,8.7,204.15,0,2.77
2024-01-02,Noche,EQ-003,Roberto Díaz,Oeste,160.01,9.49,190.55,0,2.19
2024-01-02,Noche,EQ-004,Ana Torres,Oeste,84.45,11.37,150.02,0,2.59
2024-01-02,Día,EQ-004,Pedro Sánchez,Este,102.76,7.38,144.66,0,2.44
2024-01-02,Día,EQ-004,Ana Torres,Sur,160.98,6.78,187.21,0,3.55
2024-01-03,Día,EQ-001,Miguel Quispe,Oeste,139.15,9.92,211.74,1,2.45
2024-01-04,Día,EQ-002,José Rodríguez,Oeste,158.77,8.21,195.27,0,2.55
2024-01-04,Día,EQ-003,Carlos Mendoza,Norte,150.45,9.02,222.27,0,3.33
2024-01-05,Día,EQ-002,María García,Norte,121.65,9.44,151.93,0,1.67
2024-01-05,Día,EQ-005,José Rodríguez,Oeste,176.68,9.83,272.6,0,2.47
2024-01-05,Noche,EQ-005,Luis Vargas,Norte,196.98,12.0,265.42,0,2.99
2024-01-06,Noche,EQ-003,María García,Norte,167.24,7.77,203.83,0,2.81
2024-01-06,Día,EQ-004,Elena Castro,Oeste,84.23,11.39,145.95,0,2.27
2024-01-08,Día,EQ-002,Carlos Mendoza,Sur,155.44,11.31,178.31,0,2.71
2024-01-08,Día,EQ-003,Carlos Mendoza,Este,113.26,8.9,184.04,0,2.59
2024-01-09,Día,EQ-004,Rosa Huamán,Oeste,129.1,8.65,183.85,0,2.79
2024-01-09,Día,EQ-001,Miguel Quispe,Sur,161.81,6.61,221.98,0,2.6
2024-01-09,Día,EQ-003,Luis Vargas,Oeste,136.79,7.63,171.07,0,2.93
2024-01-10,Noche,EQ-004,José Rodríguez,Este,107.93,9.81,,1,2.76
2024-01-10,Noche,EQ-002,Pedro Sánchez,Sur,164.31,9.1,222.94,0,3.38
2024-01-12,Día,EQ-004,Roberto Díaz,Norte,173.53,10.94,232.38,1,3.23
2024-01-12,Día,EQ-003,Miguel Quispe,Norte,149.12,10.38,179.88,0,2.63
2024-01-12,Noche,EQ-003,Rosa Huamán,Sur,154.45,8.57,241.17,0,3.75
2024-01-14,Noche,EQ-003,Ana Torres,Oeste,191.75,10.91,246.45,0,2.87
2024-01-15,Noche,EQ-002,María García,Norte,128.44,10.13,187.06,0,2.43
2024-01-15,Noche,EQ-002,Elena Castro,Oeste,151.02,12.0,157.79,0,2.48
2024-01-15,Día,EQ-004,Pedro Sánchez,Sur,113.09,8.88,139.83,0,2.68
2024-01-15,Día,EQ-003,Carlos Mendoza,Norte,165.2,10.08,222.13,1,2.18
2024-01-15,Día,EQ-005,Rosa Huamán,Este,170.52,9.26,211.92,0,2.81
2024-01-15,Día,EQ-005,Luis Vargas,Sur,135.72,8.37,206.95,0,3.89
2024-01-16,Noche,EQ-005,Luis Vargas,Oeste,189.96,11.37,230.4,0,2.14
2024-01-16,Día,EQ-004,Carlos Mendoza,Este,107.99,9.55,163.03,0,2.3
2024-01-17,Día,EQ-004,Roberto Díaz,Norte,131.02,8.35,152.14,0,2.78
2024-01-18,Noche,EQ-004,José Rodríguez,Este,86.68,6.06,112.54,0,1.63
2024-01-18,Noche,EQ-001,Rosa Huamán,Oeste,156.55,10.87,217.68,0,3.19
2024-01-18,Día,EQ-004,María García,Sur,157.15,8.59,231.8,0,4.34
2024-01-18,Día,EQ-004,Elena Castro,Oeste,187.12,11.94,224.01,0,2.86
2024-01-19,Día,EQ-002,José Rodríguez,Este,166.77,9.64,210.27,0,2.66
2024-01-19,Noche,EQ-004,Elena Castro,Este,116.46,8.85,159.61,0,2.49
2024-01-19,Día,EQ-005,María García,Norte,147.63,10.09,167.18,0,2.39
2024-01-20,Noche,EQ-005,Roberto Díaz,Oeste,203.71,9.14,264.13,0,2.76
2024-01-20,Día,EQ-004,Elena Castro,Este,76.64,9.98,131.25,0,1.18
2024-01-20,Noche,EQ-005,Rosa Huamán,Oeste,154.71,9.06,209.67,0,2.45
2024-01-20,Día,EQ-001,Rosa Huamán,Oeste,172.71,8.12,251.77,0,3.0
2024-01-20,Día,EQ-005,Elena Castro,Sur,190.02,10.78,223.19,0,3.29
2024-01-21,Noche,EQ-005,Roberto Díaz,Este,184.93,10.98,253.65,0,2.5
2024-01-21,Día,EQ-004,María García,Sur,105.95,11.58,167.42,0,3.68
2024-01-21,Noche,EQ-004,Luis Vargas,Oeste,139.69,9.12,207.3,0,2.8
2024-01-21,Noche,EQ-004,Rosa Huamán,Oeste,145.69,8.64,234.58,0,2.56
2024-01-22,Día,EQ-002,Pedro Sánchez,Este,139.42,9.11,235.45,0,2.29
2024-01-22,Noche,EQ-001,Carlos Mendoza,Norte,144.46,8.45,211.57,0,2.52
2024-01-23,Noche,EQ-004,José Rodríguez,Oeste,138.06,11.77,168.69,1,3.18
2024-01-23,Día,EQ-005,Carlos Mendoza,Sur,128.6,8.73,189.32,0,2.97
2024-01-23,Noche,EQ-004,Ana Torres,Oeste,116.26,8.56,144.55,0,2.25
2024-01-23,Noche,EQ-001,José Rodríguez,Sur,133.04,8.88,191.1,0,2.67
2024-01-24,Día,EQ-003,Roberto Díaz,Norte,132.24,9.88,177.96,0,2.18
2024-01-24,Noche,EQ-004,Roberto Díaz,Norte,129.07,12.0,187.17,0,2.92
2024-01-24,Noche,EQ-003,Rosa Huamán,Este,151.93,7.84,176.74,0,2.26
2024-01-24,Noche,EQ-003,María García,Oeste,128.13,7.7,184.38,0,2.78
2024-01-24,Noche,EQ-003,María García,Este,147.32,10.51,209.83,0,1.76
2024-01-24,Noche,EQ-003,Carlos Mendoza,Norte,152.88,12.0,145.87,0,2.09
2024-01-25,Noche,EQ-001,José Rodríguez,Norte,,12.0,233.33,0,2.64
2024-01-25,Día,EQ-002,Ana Torres,Oeste,151.31,9.46,202.86,0,3.02
2024-01-25,Día,EQ-004,Roberto Díaz,Oeste,114.51,9.21,189.71,1,2.72
2024-01-26,Noche,EQ-005,Pedro Sánchez,Norte,95.82,10.19,166.24,1,2.94
2024-01-26,Día,EQ-001,Elena Castro,Sur,206.2,11.12,288.42,0,2.72
2024-01-26,Día,EQ-001,Roberto Díaz,Oeste,186.53,8.2,224.05,0,1.92
2024-01-26,Día,EQ-002,Luis Vargas,Norte,171.13,8.73,207.34,0,2.32
2024-01-27,Día,EQ-005,Ana Torres,Oeste,138.11,8.22,177.05,0,2.61
2024-01-27,Noche,EQ-002,Carlos Mendoza,Este,142.26,11.34,201.21,0,2.08
2024-01-27,Noche,EQ-003,Luis Vargas,Sur,130.11,9.08,194.33,0,2.45
2024-01-28,Día,EQ-002,Elena Castro,Sur,160.11,10.52,191.41,0,2.47
2024-01-28,Noche,EQ-005,Ana Torres,Norte,128.23,10.07,190.17,1,1.69
2024-01-29,Noche,EQ-003,Ana Torres,Norte,158.96,7.75,247.51,1,2.04
2024-01-30,Día,EQ-003,María García,Norte,141.2,6.21,210.95,0,2.62
2024-01-30,Noche,EQ-001,José Rodríguez,Oeste,199.39,7.99,231.79,0,2.48
2024-01-30,Día,EQ-004,Luis Vargas,Este,107.91,10.37,142.61,0,1.28
2024-01-30,Noche,EQ-005,Ana Torres,Oeste,160.75,12.0,181.31,0,1.78
2024-01-30,Noche,EQ-001,Pedro Sánchez,Sur,82.97,9.85,132.43,1,2.35
2024-01-30,Noche,EQ-005,Pedro Sánchez,Norte,121.11,10.01,168.33,1,2.43
2024-01-30,Día,EQ-005,Carlos Mendoza,Norte,102.99,9.81,166.49,0,2.85
2024-01-31,Noche,EQ-002,Miguel Quispe,Este,60.93,9.51,125.45,0,3.09
2024-01-31,Día,EQ-002,María García,Este,158.62,9.26,177.79,1,2.07
2024-02-01,Noche,EQ-001,Ana Torres,Norte,174.61,10.26,248.49,1,3.11
2024-02-02,Día,EQ-002,José Rodríguez,Este,166.61,8.87,197.2,0,2.48
2024-02-02,Día,EQ-001,Elena Castro,Sur,138.89,8.25,206.11,0,2.64
2024-02-02,Noche,EQ-001,Carlos Mendoza,Este,141.89,10.92,189.48,0,1.8
2024-02-02,Día,EQ-003,Pedro Sánchez,Norte,153.93,9.59,210.34,0,2.76
2024-02-02,Día,EQ-003,María García,Norte,151.73,10.91,198.2,0,2.58
2024-02-02,Día,EQ-004,Roberto Díaz,Norte,129.81,10.1,157.88,0,2.77
2024-02-03,Noche,EQ-005,Elena Castro,Este,143.96,9.85,176.59,2,2.47
2024-02-03,Noche,EQ-002,María García,Norte,162.6,7.47,212.12,1,2.59
2024-02-03,Noche,EQ-002,Pedro Sánchez,Norte,150.49,7.15,160.38,2,2.97
2024-02-03,Noche,EQ-002,Miguel Quispe,Oeste,158.53,11.33,185.09,0,2.31
2024-02-03,Noche,EQ-001,Ana Torres,Oeste,204.58,9.56,289.17,0,2.39
2024-02-04,Noche,EQ-004,Pedro Sánchez,Oeste,104.48,9.66,136.86,0,2.31
2024-02-04,Día,EQ-001,Elena Castro,Norte,161.3,10.71,237.27,0,1.95
2024-02-04,Noche,EQ-002,Luis Vargas,Sur,136.06,9.62,168.33,0,2.73
2024-02-05,Día,EQ-003,María García,Sur,147.03,9.26,191.22,0,3.0
2024-02-05,Día,EQ-004,Carlos Mendoza,Este,138.3,10.7,194.92,0,1.9
2024-02-06,Noche,EQ-004,Carlos Mendoza,Este,139.93,10.75,180.05,0,1.71
2024-02-06,Noche,EQ-001,Elena Castro,Oeste,141.94,8.16,180.58,0,2.48
2024-02-06,Noche,EQ-001,Carlos Mendoza,Sur,177.65,10.22,249.25,0,3.44
2024-02-06,Día,EQ-005,Pedro Sánchez,Norte,155.05,9.97,182.41,0,2.55
2024-02-06,Día,EQ-001,José Rodríguez,Este,153.28,10.59,217.51,0,2.38
2024-02-07,Día,EQ-002,Pedro Sánchez,Oeste,165.75,9.15,169.3,0,2.7
2024-02-07,Día,EQ-002,Luis Vargas,Este,133.33,7.78,225.45,0,1.77
2024-02-08,Día,EQ-002,Elena Castro,Oeste,137.2,9.84,220.24,1,2.75
2024-02-09,Día,EQ-002,Miguel Quispe,Oeste,137.85,9.44,188.26,1,2.19
2024-02-09,Noche,EQ-003,Roberto Díaz,Sur,145.75,8.52,208.08,0,3.31
2024-02-09,Noche,EQ-003,Pedro Sánchez,Norte,110.79,7.05,133.63,2,2.38
2024-02-09,Noche,EQ-004,Roberto Díaz,Norte,146.54,10.01,195.76,0,2.79
2024-02-09,Noche,EQ-001,María García,Norte,129.71,12.0,156.76,0,2.49
2024-02-09,Día,EQ-003,María García,Norte,229.86,10.59,310.16,1,2.84
2024-02-10,Día,EQ-003,Elena Castro,Oeste,195.15,8.95,220.86,0,1.75
2024-02-10,Noche,EQ-004,Luis Vargas,Sur,126.56,11.36,171.17,1,2.78
2024-02-11,Noche,EQ-005,Luis Vargas,Este,139.24,11.59,188.01,0,2.91
2024-02-11,Noche,EQ-004,Miguel Quispe,Este,130.42,9.46,164.14,0,2.26
2024-02-11,Día,EQ-005,María García,Este,131.03,9.27,148.41,0,2.14
2024-02-11,Noche,EQ-003,Elena Castro,Este,169.5,9.78,210.66,0,1.56
2024-02-11,Noche,EQ-003,José Rodríguez,Norte,165.05,11.48,225.9,1,1.72
2024-02-12,Noche,EQ-002,Luis Vargas,Norte,191.15,9.05,243.51,2,2.6
2024-02-12,Día,EQ-005,Carlos Mendoza,Sur,163.55,9.19,183.3,0,3.04
2024-02-12,Noche,EQ-004,Rosa Huamán,Este,146.89,8.18,203.78,0,2.39
2024-02-13,Noche,EQ-001,Miguel Quispe,Norte,98.93,8.81,148.71,0,2.08
2024-02-14,Noche,EQ-003,Luis Vargas,Sur,178.66,11.49,,0,3.61
2024-02-14,Día,EQ-002,Roberto Díaz,Este,173.25,10.4,196.53,1,2.56
2024-02-14,Noche,EQ-004,José Rodríguez,Oeste,142.05,10.2,162.56,0,2.87
2024-02-14,Noche,EQ-004,José Rodríguez,Sur,145.11,10.37,199.37,0,2.27
2024-02-15,Día,EQ-005,Carlos Mendoza,Oeste,128.51,10.79,168.73,0,2.6
2024-02-17,Día,EQ-003,Miguel Quispe,Norte,191.55,8.23,245.03,0,2.41
2024-02-18,Día,EQ-004,Pedro Sánchez,Oeste,83.12,8.71,129.69,0,2.83
2024-02-18,Día,EQ-004,Elena Castro,Oeste,181.81,8.9,242.91,0,3.18
2024-02-18,Día,EQ-002,Rosa Huamán,Oeste,89.92,10.32,143.97,0,2.2
2024-02-18,Noche,EQ-003,Carlos Mendoza,Este,177.05,10.4,211.47,0,1.9
2024-02-19,Noche,EQ-005,Luis Vargas,Norte,110.75,9.21,144.71,0,2.45
2024-02-19,Noche,EQ-001,Elena Castro,Sur,75.85,8.3,122.96,0,2.84
2024-02-19,Día,EQ-005,Miguel Quispe,Sur,118.97,9.72,153.78,1,2.47
2024-02-20,Día,EQ-003,José Rodríguez,Norte,161.81,12.0,187.55,0,2.4
2024-02-20,Día,EQ-002,Carlos Mendoza,Oeste,107.45,8.26,136.64,0,2.81
2024-02-21,Noche,EQ-003,José Rodríguez,Oeste,145.71,10.81,210.96,1,2.98
2024-02-21,Día,EQ-005,Luis Vargas,Este,93.88,8.11,137.24,0,2.34
2024-02-22,Día,EQ-005,Pedro Sánchez,Este,151.42,9.22,189.3,0,2.43
2024-02-22,Noche,EQ-005,José Rodríguez,Este,152.22,12.0,208.01,1,2.45
2024-02-22,Día,EQ-004,Elena Castro,Este,156.86,8.55,240.95,0,2.23
2024-02-22,Noche,EQ-002,José Rodríguez,Este,103.23,7.3,157.74,0,3.0
2024-02-24,Día,EQ-004,Ana Torres,Norte,129.27,8.64,158.81,0,2.04
2024-02-24,Día,EQ-002,Carlos Mendoza,Oeste,138.43,12.0,183.25,0,3.01
2024-02-24,Noche,EQ-003,Pedro Sánchez,Este,203.79,6.92,267.77,0,1.88
2024-02-24,Noche,EQ-002,María García,Este,136.74,10.1,171.58,1,2.38
2024-02-25,Día,EQ-005,Roberto Díaz,Oeste,195.33,8.67,263.39,0,2.39
2024-02-25,Noche,EQ-001,Ana Torres,Este,130.52,11.48,177.38,1,2.26
2024-02-25,Día,EQ-005,María García,Oeste,141.02,8.04,190.19,0,3.04
2024-02-25,Día,EQ-003,Rosa Huamán,Norte,161.14,9.68,186.75,0,2.58
2024-02-26,Día,EQ-005,Miguel Quispe,Norte,152.81,8.69,190.17,0,2.47
2024-02-26,Día,EQ-002,Rosa Huamán,Este,172.89,8.56,222.86,1,2.08
2024-02-27,Noche,EQ-005,Pedro Sánchez,Norte,149.99,10.24,190.76,0,2.53
2024-02-28,Día,EQ-004,María García,Norte,119.43,9.86,148.79,0,3.21
2024-02-28,Noche,EQ-001,Ana Torres,Norte,156.56,10.82,231.82,0,2.38
2024-02-28,Día,EQ-001,Ana Torres,Oeste,129.92,11.24,200.13,0,3.04
2024-02-29,Noche,EQ-002,Roberto Díaz,Norte,133.23,9.51,173.79,0,2.52
2024-03-01,Noche,EQ-001,José Rodríguez,Este,147.14,9.92,206.7,0,2.36
2024-03-01,Día,EQ-002,Rosa Huamán,Norte,125.41,9.81,160.43,0,2.84
2024-03-01,Noche,EQ-003,Pedro Sánchez,Oeste,153.49,9.04,190.49,0,2.84
2024-03-01,Noche,EQ-003,José Rodríguez,Norte,178.77,10.83,234.77,0,2.24
2024-03-02,Noche,EQ-001,José Rodríguez,Este,215.63,6.66,245.6,0,2.09
2024-03-02,Día,EQ-002,María García,Oeste,133.12,9.43,184.26,1,1.95
2024-03-02,Día,EQ-003,Elena Castro,Norte,149.48,9.16,191.23,0,2.68
2024-03-03,Noche,EQ-005,Pedro Sánchez,Oeste,143.02,7.68,193.4,0,2.44
2024-03-03,Noche,EQ-005,José Rodríguez,Sur,92.11,11.22,126.32,0,3.05
2024-03-03,Noche,EQ-005,Pedro Sánchez,Este,128.13,9.19,184.61,0,1.73
2024-03-04,Día,EQ-004,Elena Castro,Norte,138.3,10.74,231.95,0,2.54
2024-03-04,Día,EQ-003,Elena Castro,Oeste,141.55,12.0,192.61,2,2.84
2024-03-04,Día,EQ-001,Luis Vargas,Sur,167.54,10.17,224.88,0,2.45
2024-03-05,Noche,EQ-003,Rosa Huamán,Norte,188.84,6.76,232.33,0,2.13
2024-03-05,Día,EQ-003,María García,Este,199.42,7.68,262.06,2,2.07
2024-03-06,Día,EQ-004,Carlos Mendoza,Sur,109.03,9.49,170.94,0,2.74
2024-03-06,Día,EQ-001,Carlos Mendoza,Oeste,180.34,11.51,218.17,0,2.19
2024-03-07,Día,EQ-005,Luis Vargas,Norte,137.82,10.78,164.1,1,2.45
2024-03-07,Día,EQ-001,Rosa Huamán,Oeste,228.62,7.83,279.4,0,2.94
2024-03-07,Noche,EQ-003,Roberto Díaz,Este,142.7,10.63,179.19,0,2.28
2024-03-08,Noche,EQ-004,Pedro Sánchez,Norte,124.89,8.82,198.61,0,2.77
2024-03-08,Noche,EQ-001,Miguel Quispe,Norte,185.76,8.61,197.56,0,2.86
2024-03-08,Día,EQ-004,Elena Castro,Norte,111.95,12.0,139.69,1,2.5
2024-03-08,Día,EQ-003,María García,Sur,206.81,9.69,226.0,0,2.89
2024-03-08,Día,EQ-004,María García,Sur,149.63,9.42,180.69,0,3.86
2024-03-08,Día,EQ-005,María García,Este,201.59,9.76,240.4,0,1.53
2024-03-08,Día,EQ-004,Elena Castro,Oeste,70.15,7.55,119.0,0,2.65
2024-03-08,Noche,EQ-005,Rosa Huamán,Este,147.61,9.05,195.69,0,2.21
2024-03-09,Día,EQ-001,Pedro Sánchez,Oeste,150.47,9.37,194.37,0,2.88
2024-03-09,Día,EQ-002,María García,Norte,180.56,9.92,206.19,0,3.58
2024-03-09,Noche,EQ-003,Miguel Quispe,Sur,214.02,11.36,216.3,0,3.11
2024-03-09,Noche,EQ-002,José Rodríguez,Norte,190.1,10.09,243.77,1,2.06
2024-03-09,Noche,EQ-001,Luis Vargas,Oeste,70.34,10.02,,1,2.28
2024-03-10,Noche,EQ-005,José Rodríguez,Oeste,159.99,7.56,191.86,1,2.32
2024-03-10,Día,EQ-005,Pedro Sánchez,Norte,169.92,7.97,234.93,1,2.19
2024-03-10,Noche,EQ-004,Rosa Huamán,Este,171.87,7.54,212.75,0,2.43
2024-03-10,Noche,EQ-003,Elena Castro,Norte,118.94,10.3,161.77,0,3.01
2024-03-10,Noche,EQ-002,María García,Sur,166.49,9.38,209.34,0,2.8
2024-03-11,Día,EQ-001,Carlos Mendoza,Oeste,151.31,12.0,208.37,0,2.53
2024-03-11,Noche,EQ-001,Ana Torres,Este,152.6,9.27,205.94,1,2.25
2024-03-12,Noche,EQ-005,Rosa Huamán,Este,132.76,9.89,217.19,0,2.21
2024-03-13,Noche,EQ-004,Elena Castro,Este,101.68,7.86,177.36,1,2.1
2024-03-13,Noche,EQ-003,María García,Oeste,,11.67,197.23,0,2.4
2024-03-13,Día,EQ-003,Ana Torres,Este,205.85,10.26,272.99,0,2.34
2024-03-13,Noche,EQ-005,José Rodríguez,Este,139.81,9.52,167.22,0,1.54
2024-03-14,Noche,EQ-001,Miguel Quispe,Este,206.46,11.52,252.03,1,2.24
2024-03-14,Noche,EQ-004,María García,Norte,108.87,8.41,161.11,0,2.7
2024-03-16,Noche,EQ-005,Ana Torres,Sur,86.92,9.69,132.07,1,2.87
2024-03-16,Noche,EQ-004,Roberto Díaz,Oeste,131.93,6.54,181.58,0,2.28
2024-03-16,Noche,EQ-005,Roberto Díaz,Oeste,171.94,9.19,190.85,1,3.18
2024-03-17,Noche,EQ-001,Carlos Mendoza,Sur,134.14,10.38,189.4,0,3.09
2024-03-17,Día,EQ-002,Pedro Sánchez,Sur,92.03,8.89,176.15,0,2.56
2024-03-17,Noche,EQ-002,Elena Castro,Oeste,125.51,9.72,164.79,0,2.35
2024-03-17,Día,EQ-003,Luis Vargas,Sur,127.84,5.12,156.26,0,3.6
2024-03-17,Noche,EQ-003,Luis Vargas,Oeste,131.9,8.5,167.39,0,2.96
2024-03-18,Noche,EQ-003,Miguel Quispe,Norte,155.75,7.72,196.17,1,2.14
2024-03-18,Día,EQ-003,Pedro Sánchez,Sur,171.17,8.31,204.55,0,2.88
2024-03-18,Noche,EQ-005,Carlos Mendoza,Este,81.97,12.0,148.53,0,1.78
2024-03-18,Día,EQ-001,Ana Torres,Oeste,138.63,9.19,154.64,0,2.32
2024-03-18,Día,EQ-004,Miguel Quispe,Norte,130.85,9.54,157.33,0,2.7
2024-03-18,Día,EQ-002,Pedro Sánchez,Sur,159.25,11.34,204.75,1,3.17
2024-03-18,Noche,EQ-002,Rosa Huamán,Este,130.93,9.49,182.52,1,1.87
2024-03-19,Día,EQ-004,Elena Castro,Este,117.94,10.29,192.55,0,1.66
2024-03-20,Noche,EQ-003,Rosa Huamán,Este,176.77,10.81,182.69,3,1.64
2024-03-20,Día,EQ-002,Pedro Sánchez,Oeste,126.37,9.47,154.45,0,1.94
2024-03-20,Noche,EQ-003,Carlos Mendoza,Sur,189.67,10.43,230.91,0,3.17
2024-03-21,Día,EQ-003,Rosa Huamán,Sur,164.95,8.22,207.48,0,2.05
2024-03-21,Noche,EQ-005,Rosa Huamán,Oeste,170.09,9.55,220.7,0,2.56
2024-03-21,Noche,EQ-005,Elena Castro,Norte,120.45,12.0,172.54,1,2.02
2024-03-21,Día,EQ-001,Miguel Quispe,Norte,137.56,9.62,157.39,0,2.94
2024-03-22,Noche,EQ-003,Ana Torres,Norte,118.67,8.65,156.48,0,2.68
2024-03-22,Día,EQ-003,Carlos Mendoza,Norte,163.06,11.82,213.03,1,1.96
2024-03-22,Noche,EQ-002,Luis Vargas,Sur,135.2,10.51,154.0,0,2.91
2024-03-22,Día,EQ-001,Luis Vargas,Norte,173.52,9.97,218.67,0,2.66
2024-03-24,Noche,EQ-001,Ana Torres,Oeste,165.39,9.11,241.08,0,2.39
2024-03-24,Día,EQ-001,Miguel Quispe,Este,128.84,8.44,196.22,0,2.92
2024-03-25,Día,EQ-005,Ana Torres,Este,152.8,10.67,205.95,1,1.85
2024-03-25,Día,EQ-005,María García,Oeste,194.26,11.01,231.05,1,2.33
2024-03-25,Día,EQ-004,María García,Oeste,,5.95,171.04,0,2.31
2024-03-25,Día,EQ-001,Miguel Quispe,Este,139.18,10.31,181.35,0,2.69
2024-03-26,Noche,EQ-001,Ana Torres,Sur,230.34,8.77,239.9,0,2.39
2024-03-26,Noche,EQ-001,Luis Vargas,Sur,118.23,11.72,189.14,0,2.29
2024-03-26,Día,EQ-002,Luis Vargas,Sur,142.09,10.98,221.08,1,2.49
2024-03-26,Noche,EQ-005,José Rodríguez,Este,169.75,8.2,204.55,0,1.89
2024-03-27,Día,EQ-004,Pedro Sánchez,Sur,54.92,10.53,113.12,1,2.44
2024-03-27,Noche,EQ-003,Rosa Huamán,Este,146.6,8.79,164.37,0,1.88
2024-03-27,Día,EQ-001,Rosa Huamán,Norte,133.67,9.67,183.42,0,2.88
2024-03-29,Noche,EQ-003,Rosa Huamán,Oeste,149.5,8.01,210.12,0,2.51
2024-03-29,Noche,EQ-002,Pedro Sánchez,Norte,121.33,10.22,167.37,1,2.16
2024-03-30,Día,EQ-002,Rosa Huamán,Oeste,142.09,8.54,169.73,0,2.06
2024-03-30,Noche,EQ-004,José Rodríguez,Norte,100.26,6.27,126.8,0,2.26
2024-03-31,Día,EQ-002,Luis Vargas,Este,102.37,7.29,128.66,0,1.32
2024-03-31,Noche,EQ-005,Miguel Quispe,Sur,157.86,10.54,184.36,0,3.52
2024-03-31,Día,EQ-002,Roberto Díaz,Este,142.47,11.1,229.72,0,1.93
2024-03-31,Día,EQ-001,Luis Vargas,Oeste,133.07,9.78,205.94,0,3.35
2024-04-01,Día,EQ-002,María García,Sur,110.37,10.9,136.32,0,2.49
2024-04-02,Noche,EQ-005,Carlos Mendoza,Sur,159.99,12.0,191.59,0,2.71
2024-04-03,Día,EQ-003,Pedro Sánchez,Sur,183.21,8.69,226.15,0,2.09
2024-04-03,Día,EQ-001,Luis Vargas,Este,137.39,9.08,169.34,0,1.78
2024-04-04,Día,EQ-004,Carlos Mendoza,Este,118.62,10.0,160.84,0,1.86
2024-04-05,Noche,EQ-005,Pedro Sánchez,Sur,181.63,10.37,215.38,0,2.68
2024-04-05,Día,EQ-005,Carlos Mendoza,Este,170.22,8.52,204.54,0,2.19
2024-04-05,Día,EQ-002,Miguel Quispe,Norte,128.8,7.74,183.78,0,2.69
2024-04-05,Noche,EQ-001,Roberto Díaz,Sur,186.23,9.03,247.87,0,1.76
2024-04-06,Noche,EQ-002,María García,Sur,110.83,9.62,142.44,0,2.88
2024-04-06,Día,EQ-005,José Rodríguez,Este,90.7,8.47,143.44,1,2.75
2024-04-07,Día,EQ-004,Roberto Díaz,Sur,161.94,9.68,232.58,0,3.23
2024-04-07,Noche,EQ-002,Ana Torres,Sur,92.21,10.16,173.26,0,2.77
2024-04-07,Noche,EQ-002,Miguel Quispe,Norte,147.68,10.97,193.58,1,2.7
2024-04-07,Noche,EQ-003,José Rodríguez,Este,140.62,8.3,183.38,0,1.89
2024-04-08,Día,EQ-003,Ana Torres,Norte,124.37,9.96,182.62,0,2.68
2024-04-08,Día,EQ-005,Elena Castro,Sur,184.47,6.87,204.55,0,3.5
2024-04-08,Día,EQ-004,Carlos Mendoza,Este,135.88,8.03,193.65,0,2.49
2024-04-09,Noche,EQ-005,Elena Castro,Sur,171.58,9.29,226.19,0,2.83
2024-04-09,Día,EQ-003,Luis Vargas,Oeste,130.18,9.45,194.64,0,2.54
2024-04-10,Noche,EQ-001,Ana Torres,Oeste,134.79,7.0,211.01,0,2.3
2024-04-10,Día,EQ-002,Carlos Mendoza,Norte,188.37,11.47,235.13,0,2.81
2024-04-10,Día,EQ-005,Roberto Díaz,Norte,174.27,10.88,222.51,0,2.67
2024-04-10,Noche,EQ-001,Roberto Díaz,Sur,165.67,8.28,227.58,0,2.88
2024-04-11,Día,EQ-005,Ana Torres,Oeste,161.11,9.58,171.16,0,2.35
2024-04-11,Día,EQ-003,Luis Vargas,Este,182.7,10.42,257.9,0,2.0
2024-04-12,Día,EQ-002,Carlos Mendoza,Norte,194.36,10.04,282.15,0,2.75
2024-04-12,Noche,EQ-001,Ana Torres,Este,147.84,11.01,185.07,0,2.52
2024-04-12,Noche,EQ-001,Pedro Sánchez,Oeste,155.9,10.56,214.08,0,2.58
2024-04-12,Día,EQ-002,Rosa Huamán,Norte,133.3,10.57,156.22,2,2.8
2024-04-13,Día,EQ-005,Miguel Quispe,Oeste,182.38,6.39,210.13,1,2.5
2024-04-15,Noche,EQ-003,Carlos Mendoza,Sur,192.28,9.53,237.79,0,2.54
2024-04-15,Día,EQ-003,José Rodríguez,Norte,188.56,11.68,275.16,0,2.75
2024-04-15,Día,EQ-005,Carlos Mendoza,Oeste,102.21,10.67,150.91,0,2.27
2024-04-15,Día,EQ-005,Ana Torres,Sur,,11.19,214.61,0,2.31
2024-04-15,Noche,EQ-001,José Rodríguez,Sur,163.99,9.45,213.03,0,2.67
2024-04-16,Día,EQ-002,Rosa Huamán,Oeste,170.8,9.75,220.66,0,3.15
2024-04-16,Noche,EQ-001,Roberto Díaz,Oeste,147.0,9.19,186.53,0,2.51
2024-04-16,Día,EQ-004,Roberto Díaz,Oeste,104.77,9.49,137.87,0,2.69
2024-04-16,Noche,EQ-005,Luis Vargas,Norte,92.4,8.68,153.52,1,2.66
2024-04-17,Noche,EQ-004,María García,Este,144.29,10.26,185.76,1,2.23
2024-04-17,Noche,EQ-003,José Rodríguez,Este,163.44,10.93,254.93,0,1.92
2024-04-17,Día,EQ-005,Rosa Huamán,Oeste,158.44,10.06,176.1,0,2.78
2024-04-18,Noche,EQ-001,Miguel Quispe,Oeste,136.4,11.68,200.01,0,2.79
2024-04-19,Noche,EQ-002,Rosa Huamán,Sur,117.71,8.3,165.2,0,3.46
2024-04-19,Día,EQ-003,Roberto Díaz,Oeste,140.01,9.23,172.05,0,1.98
2024-04-19,Día,EQ-002,Luis Vargas,Sur,172.46,10.99,222.12,0,3.0
2024-04-19,Día,EQ-004,Miguel Quispe,Norte,149.46,10.98,185.2,0,2.27
2024-04-20,Día,EQ-005,Rosa Huamán,Norte,160.45,10.57,195.53,0,2.8
2024-04-20,Día,EQ-001,María García,Sur,126.37,8.57,141.39,1,2.45
2024-04-20,Noche,EQ-004,Rosa Huamán,Oeste,135.24,7.67,183.71,0,2.86
2024-04-21,Noche,EQ-004,Rosa Huamán,Este,98.9,11.47,178.58,0,2.39
2024-04-21,Noche,EQ-003,José Rodríguez,Este,158.82,9.3,208.73,0,2.46
2024-04-22,Día,EQ-003,Pedro Sánchez,Este,208.41,10.18,273.12,0,1.83
2024-04-23,Noche,EQ-005,Luis Vargas,Oeste,169.55,9.7,177.14,3,3.02
2024-04-23,Día,EQ-001,Pedro Sánchez,Norte,148.19,10.18,191.39,0,2.73
2024-04-23,Día,EQ-003,Pedro Sánchez,Norte,133.76,6.09,192.31,0,2.92
2024-04-23,Noche,EQ-003,María García,Sur,160.91,10.41,198.02,1,2.47
2024-04-23,Día,EQ-004,Miguel Quispe,Este,111.79,10.19,180.62,1,1.64
2024-04-23,Noche,EQ-005,Rosa Huamán,Este,112.26,8.27,173.93,1,2.01
2024-04-23,Noche,EQ-004,Ana Torres,Sur,157.55,7.14,215.14,0,2.17
2024-04-24,Día,EQ-003,Roberto Díaz,Oeste,205.92,11.33,220.37,1,2.57
2024-04-24,Noche,EQ-003,José Rodríguez,Oeste,142.34,9.51,181.48,0,2.74
2024-04-25,Día,EQ-001,Pedro Sánchez,Este,158.3,8.52,202.83,0,2.29
2024-04-25,Día,EQ-003,María García,Sur,136.85,9.94,194.85,1,2.93
2024-04-25,Noche,EQ-001,Rosa Huamán,Norte,141.15,11.37,203.01,0,2.19
2024-04-25,Día,EQ-003,Carlos Mendoza,Oeste,157.45,7.64,228.4,0,2.08
2024-04-25,Noche,EQ-001,Elena Castro,Sur,117.29,11.62,173.75,1,3.1
2024-04-26,Noche,EQ-003,Roberto Díaz,Norte,127.38,7.87,175.82,1,2.83
2024-04-26,Noche,EQ-004,Elena Castro,Oeste,149.04,11.16,187.48,0,2.86
2024-04-26,Noche,EQ-004,Elena Castro,Oeste,104.6,7.23,160.03,0,2.39
2024-04-27,Día,EQ-001,José Rodríguez,Oeste,179.11,10.71,220.59,0,3.84
2024-04-27,Noche,EQ-001,Miguel Quispe,Este,136.39,10.45,190.11,0,2.28
2024-04-27,Día,EQ-003,Roberto Díaz,Norte,160.11,7.06,219.72,0,2.36
2024-04-27,Día,EQ-003,Ana Torres,Norte,162.62,10.56,188.93,0,1.64
2024-04-28,Día,EQ-001,Luis Vargas,Oeste,116.96,10.23,159.12,0,2.98
2024-04-28,Noche,EQ-001,Rosa Huamán,Este,118.39,7.9,184.19,0,2.56
2024-04-28,Día,EQ-005,Ana Torres,Norte,162.14,10.96,177.06,1,3.23
2024-04-30,Día,EQ-002,Miguel Quispe,Este,156.55,8.43,225.56,0,2.25
2024-04-30,Día,EQ-003,Roberto Díaz,Oeste,176.5,8.05,222.48,0,2.69
2024-05-01,Noche,EQ-004,Carlos Mendoza,Norte,81.17,9.57,103.42,0,2.82
2024-05-01,Noche,EQ-002,Luis Vargas,Este,154.54,8.23,231.01,1,2.03
2024-05-02,Noche,EQ-005,Luis Vargas,Este,163.57,12.0,198.91,0,2.22
2024-05-02,Día,EQ-002,Miguel Quispe,Norte,186.62,10.78,252.07,0,3.72
2024-05-02,Noche,EQ-004,Roberto Díaz,Norte,105.93,11.45,159.31,0,2.24
2024-05-02,Día,EQ-005,Ana Torres,Oeste,170.66,11.43,237.79,0,3.31
2024-05-02,Noche,EQ-003,José Rodríguez,Oeste,137.96,8.28,217.49,0,3.67
2024-05-03,Noche,EQ-005,María García,Norte,148.76,8.86,237.68,1,2.65
2024-05-03,Día,EQ-004,José Rodríguez,Oeste,96.08,10.43,158.37,0,2.68
2024-05-03,Noche,EQ-003,María García,Oeste,189.53,9.18,296.34,0,2.33
2024-05-04,Día,EQ-004,Pedro Sánchez,Oeste,159.45,10.0,221.08,0,2.58
2024-05-04,Noche,EQ-001,Ana Torres,Oeste,142.28,7.0,222.57,0,2.95
2024-05-04,Día,EQ-005,María García,Sur,163.23,7.22,209.54,0,2.76
2024-05-05,Noche,EQ-005,Rosa Huamán,Oeste,174.62,9.39,228.24,1,2.54
2024-05-05,Noche,EQ-001,Elena Castro,Oeste,138.55,8.63,175.97,0,2.67
2024-05-05,Día,EQ-005,Carlos Mendoza,Norte,130.78,9.48,180.05,0,2.66
2024-05-05,Noche,EQ-004,Carlos Mendoza,Este,157.01,10.67,175.6,1,2.32
2024-05-06,Noche,EQ-002,Miguel Quispe,Norte,165.45,7.65,243.41,0,2.8
2024-05-06,Día,EQ-003,Rosa Huamán,Este,105.91,7.12,180.89,0,2.81
2024-05-06,Día,EQ-005,Miguel Quispe,Este,180.62,12.0,238.42,0,2.44
2024-05-07,Noche,EQ-005,Luis Vargas,Norte,218.95,9.05,292.24,0,1.98
2024-05-07,Noche,EQ-001,Miguel Quispe,Este,145.97,10.72,167.04,0,2.67
2024-05-07,Noche,EQ-002,José Rodríguez,Oeste,172.36,9.44,233.66,0,2.37
2024-05-08,Noche,EQ-004,María García,Norte,206.16,10.29,246.25,1,2.33
2024-05-08,Día,EQ-001,Carlos Mendoza,Sur,206.54,11.81,216.36,0,2.33
2024-05-09,Día,EQ-005,Ana Torres,Oeste,152.26,6.63,206.28,0,1.99
2024-05-09,Día,EQ-004,Miguel Quispe,Norte,100.28,10.44,150.6,0,2.14
2024-05-10,Noche,EQ-001,Carlos Mendoza,Norte,194.34,8.72,221.13,0,2.33
2024-05-10,Día,EQ-004,Pedro Sánchez,Oeste,131.23,8.0,153.78,0,2.15
2024-05-12,Noche,EQ-003,José Rodríguez,Oeste,79.09,9.42,153.02,0,1.86
2024-05-12,Noche,EQ-002,Roberto Díaz,Sur,144.23,6.85,192.94,1,2.72
2024-05-13,Noche,EQ-003,Miguel Quispe,Norte,181.46,10.58,230.63,0,2.58
2024-05-13,Noche,EQ-002,Luis Vargas,Oeste,185.49,9.97,263.99,0,2.85
2024-05-13,Noche,EQ-001,Roberto Díaz,Oeste,194.31,7.75,203.51,0,2.72
2024-05-14,Día,EQ-001,Miguel Quispe,Oeste,182.21,7.96,182.58,0,2.99
2024-05-14,Día,EQ-004,Luis Vargas,Este,132.3,7.58,171.09,0,2.69
2024-05-14,Día,EQ-005,Carlos Mendoza,Oeste,147.51,11.62,187.03,0,3.21
2024-05-15,Día,EQ-002,Carlos Mendoza,Norte,127.21,11.22,172.93,0,2.58
2024-05-15,Día,EQ-001,Elena Castro,Norte,181.72,9.58,260.05,0,2.92
2024-05-15,Noche,EQ-005,Carlos Mendoza,Norte,137.3,8.95,186.26,0,2.6
2024-05-16,Día,EQ-005,José Rodríguez,Sur,113.66,6.55,166.7,0,2.86
2024-05-17,Noche,EQ-002,Miguel Quispe,Oeste,154.09,10.57,174.78,0,2.57
2024-05-17,Noche,EQ-005,Ana Torres,Oeste,109.42,6.02,187.6,1,2.93
2024-05-17,Día,EQ-004,Pedro Sánchez,Este,111.31,8.67,168.79,1,2.13
2024-05-17,Día,EQ-003,Pedro Sánchez,Sur,121.06,11.87,171.38,1,2.3
2024-05-18,Día,EQ-003,Ana Torres,Norte,116.98,9.21,180.27,0,2.51
2024-05-19,Noche,EQ-004,Pedro Sánchez,Sur,135.13,9.22,198.42,0,2.84
2024-05-19,Noche,EQ-003,Roberto Díaz,Este,146.71,8.78,223.18,1,2.29
2024-05-19,Noche,EQ-005,Elena Castro,Norte,216.67,12.0,258.33,1,2.57
2024-05-19,Noche,EQ-005,Rosa Huamán,Sur,137.62,8.24,191.18,0,2.86
2024-05-20,Noche,EQ-005,Roberto Díaz,Norte,190.4,10.45,280.26,0,2.73
2024-05-20,Día,EQ-003,Elena Castro,Oeste,145.2,10.88,177.99,0,2.4
2024-05-20,Día,EQ-004,María García,Este,129.02,8.68,196.25,0,1.14
2024-05-20,Noche,EQ-003,Miguel Quispe,Este,190.19,8.63,232.59,0,2.51
2024-05-21,Día,EQ-005,María García,Norte,147.66,12.0,204.65,0,2.57
2024-05-21,Día,EQ-002,Rosa Huamán,Norte,158.21,11.47,197.52,0,2.4
2024-05-21,Noche,EQ-005,Pedro Sánchez,Sur,107.05,11.14,144.62,2,2.88
2024-05-22,Noche,EQ-005,Roberto Díaz,Sur,160.28,11.37,214.25,0,2.9
2024-05-22,Noche,EQ-001,Carlos Mendoza,Norte,101.77,8.36,149.61,1,2.25
2024-05-23,Día,EQ-005,Elena Castro,Sur,185.82,7.54,207.87,0,3.2
2024-05-23,Noche,EQ-001,Rosa Huamán,Norte,194.3,11.57,266.43,1,2.23
2024-05-23,Noche,EQ-004,Miguel Quispe,Oeste,136.96,7.7,198.72,0,2.6
2024-05-24,Noche,EQ-005,Ana Torres,Oeste,168.71,10.01,232.97,0,2.73
2024-05-24,Noche,EQ-003,Carlos Mendoza,Norte,174.41,8.65,236.76,0,1.9
2024-05-24,Día,EQ-002,Luis Vargas,Norte,148.76,10.85,190.59,0,2.7
2024-05-24,Día,EQ-005,Rosa Huamán,Este,161.67,9.63,203.96,1,2.12
2024-05-24,Día,EQ-001,Elena Castro,Sur,133.94,9.36,194.57,0,2.97
2024-05-24,Noche,EQ-003,Rosa Huamán,Norte,,10.46,194.95,0,1.93
2024-05-25,Día,EQ-003,Luis Vargas,Oeste,128.13,10.14,185.81,0,2.5
2024-05-25,Día,EQ-001,José Rodríguez,Sur,138.91,9.81,157.97,1,2.61
2024-05-25,Día,EQ-002,Roberto Díaz,Oeste,137.26,6.14,195.29,0,2.4
2024-05-25,Día,EQ-001,Roberto Díaz,Norte,131.76,8.69,202.73,1,2.42
2024-05-25,Noche,EQ-003,Elena Castro,Sur,135.14,8.51,175.01,0,2.4
2024-05-26,Noche,EQ-004,Miguel Quispe,Norte,121.16,11.52,176.49,0,2.75
2024-05-27,Noche,EQ-002,Roberto Díaz,Oeste,165.13,8.28,217.43,1,2.89
2024-05-27,Día,EQ-004,Miguel Quispe,Oeste,126.67,10.96,174.36,0,2.36
2024-05-27,Día,EQ-003,Roberto Díaz,Norte,149.93,12.0,172.16,0,2.44
2024-05-27,Noche,EQ-003,Carlos Mendoza,Oeste,166.66,8.78,203.38,0,2.65
2024-05-27,Día,EQ-004,Miguel Quispe,Este,140.78,10.35,155.56,0,1.92
2024-05-28,Día,EQ-001,Roberto Díaz,Oeste,177.41,8.3,218.58,0,2.59
2024-05-28,Día,EQ-001,Rosa Huamán,Este,146.87,9.25,215.0,1,2.01
2024-05-29,Día,EQ-002,María García,Sur,92.42,6.68,154.79,0,3.22
2024-05-29,Noche,EQ-003,José Rodríguez,Sur,150.76,10.67,180.42,0,2.74
2024-05-30,Día,EQ-001,María García,Norte,174.41,7.65,260.17,0,3.52
2024-05-30,Noche,EQ-002,Miguel Quispe,Oeste,143.43,9.73,210.69,0,2.87
2024-05-30,Noche,EQ-005,Rosa Huamán,Sur,123.7,8.6,194.53,0,2.42
2024-05-31,Día,EQ-003,Roberto Díaz,Sur,124.73,8.16,149.18,0,3.08
2024-06-01,Día,EQ-001,Ana Torres,Este,161.29,8.15,237.44,0,1.65
2024-06-02,Noche,EQ-004,Carlos Mendoza,Este,121.65,10.45,176.86,1,1.7
2024-06-03,Noche,EQ-001,María García,Sur,119.64,7.02,169.13,0,3.05
2024-06-03,Día,EQ-005,Luis Vargas,Este,133.85,8.01,161.3,1,2.41
2024-06-03,Día,EQ-001,Ana Torres,Sur,151.75,8.38,179.7,0,2.72
2024-06-03,Noche,EQ-005,Carlos Mendoza,Norte,138.36,9.08,196.37,1,2.87
2024-06-04,Noche,EQ-001,José Rodríguez,Norte,150.47,8.41,234.74,0,2.98
2024-06-04,Noche,EQ-001,Luis Vargas,Sur,114.44,10.28,156.56,0,2.9
2024-06-05,Día,EQ-005,María García,Oeste,160.0,7.4,235.33,0,2.82
2024-06-06,Día,EQ-003,Miguel Quispe,Oeste,198.68,10.95,216.13,0,2.14
2024-06-06,Noche,EQ-002,José Rodríguez,Este,96.5,7.84,140.17,1,2.05
2024-06-07,Día,EQ-005,Rosa Huamán,Sur,167.77,9.92,198.66,0,3.02
2024-06-07,Noche,EQ-002,Ana Torres,Norte,67.27,10.83,115.64,0,2.53
2024-06-08,Día,EQ-005,Luis Vargas,Norte,136.92,9.37,153.83,0,2.39
2024-06-08,Día,EQ-004,Carlos Mendoza,Oeste,79.21,9.35,132.1,0,2.35
2024-06-08,Noche,EQ-004,Carlos Mendoza,Sur,155.0,7.51,208.7,0,3.31
2024-06-09,Noche,EQ-005,Roberto Díaz,Sur,90.0,9.46,121.58,1,2.86
2024-06-09,Noche,EQ-003,Miguel Quispe,Sur,165.43,7.55,246.56,0,2.77
2024-06-11,Día,EQ-003,Carlos Mendoza,Oeste,174.46,10.32,199.59,0,2.05
2024-06-11,Noche,EQ-004,Miguel Quispe,Sur,164.36,8.7,209.35,0,3.01
2024-06-11,Noche,EQ-002,Rosa Huamán,Sur,211.23,11.02,271.6,0,2.72
2024-06-11,Noche,EQ-005,Miguel Quispe,Este,208.66,11.05,244.65,1,1.69
2024-06-12,Día,EQ-003,Carlos Mendoza,Sur,145.62,9.22,196.41,0,2.44
2024-06-12,Día,EQ-005,Carlos Mendoza,Este,190.41,8.58,237.53,0,1.83
2024-06-12,Día,EQ-003,María García,Este,112.75,10.89,162.6,1,2.31
2024-06-12,Día,EQ-001,Luis Vargas,Sur,164.9,9.29,219.09,0,2.93
2024-06-13,Noche,EQ-002,Luis Vargas,Sur,138.93,11.85,186.2,0,2.78
2024-06-13,Noche,EQ-003,Rosa Huamán,Oeste,167.95,10.46,241.97,0,3.0
2024-06-13,Noche,EQ-004,José Rodríguez,Este,92.97,8.61,180.03,0,2.02
2024-06-14,Día,EQ-002,María García,Sur,151.46,10.15,203.6,0,2.95
2024-06-15,Día,EQ-003,Elena Castro,Oeste,177.22,6.87,230.45,0,2.67
2024-06-15,Noche,EQ-002,María García,Norte,165.89,8.31,177.02,0,2.57
2024-06-15,Noche,EQ-002,José Rodríguez,Norte,141.31,9.28,182.0,0,2.61
2024-06-15,Día,EQ-003,Roberto Díaz,Oeste,165.93,10.17,234.03,0,2.14
2024-06-16,Día,EQ-004,Miguel Quispe,Sur,140.28,10.19,210.08,0,3.04
2024-06-16,Día,EQ-001,Rosa Huamán,Este,127.46,7.8,199.67,0,2.37
2024-06-16,Día,EQ-001,Miguel Quispe,Este,106.97,10.37,143.0,0,1.66
2024-06-17,Noche,EQ-004,Carlos Mendoza,Norte,78.97,8.89,130.19,0,1.62
2024-06-17,Día,EQ-001,Carlos Mendoza,Este,218.97,8.96,284.88,0,1.5
2024-06-18,Día,EQ-002,Luis Vargas,Norte,116.22,9.33,136.44,0,3.16
2024-06-19,Noche,EQ-005,Pedro Sánchez,Norte,163.42,11.54,189.79,0,2.3
2024-06-19,Noche,EQ-001,Luis Vargas,Este,136.43,5.86,202.12,1,1.76
2024-06-19,Día,EQ-005,Pedro Sánchez,Norte,195.18,10.13,243.43,1,2.23
2024-06-19,Noche,EQ-002,Roberto Díaz,Este,118.45,9.18,161.21,1,2.83
2024-06-19,Noche,EQ-004,Roberto Díaz,Oeste,165.38,8.8,250.57,0,2.16
2024-06-19,Noche,EQ-004,Carlos Mendoza,Norte,126.78,10.17,176.26,0,1.68
2024-06-20,Día,EQ-001,Rosa Huamán,Sur,147.35,8.94,159.27,1,2.66
2024-06-21,Noche,EQ-003,Elena Castro,Norte,190.72,10.39,223.09,0,3.02
2024-06-21,Día,EQ-002,Carlos Mendoza,Oeste,94.86,10.64,131.69,0,2.6
2024-06-22,Día,EQ-003,María García,Este,177.92,10.55,262.01,0,2.1
2024-06-22,Día,EQ-005,Rosa Huamán,Norte,192.38,10.65,199.68,0,2.29
2024-06-22,Día,EQ-002,Rosa Huamán,Norte,136.17,11.77,190.13,0,1.97
2024-06-22,Noche,EQ-004,José Rodríguez,Este,143.1,10.11,193.87,0,2.5
2024-06-23,Noche,EQ-005,María García,Oeste,172.46,9.99,257.13,1,2.67
2024-06-23,Día,EQ-004,Ana Torres,Oeste,136.1,9.07,192.55,1,2.42
2024-06-23,Día,EQ-005,José Rodríguez,Sur,162.46,10.83,218.95,1,2.68
2024-06-24,Día,EQ-005,Carlos Mendoza,Este,139.39,9.43,173.01,0,1.77
2024-06-24,Día,EQ-005,Miguel Quispe,Este,188.41,9.79,233.43,0,2.31
2024-06-24,Noche,EQ-005,Roberto Díaz,Norte,117.83,8.52,182.57,0,1.53
2024-06-25,Noche,EQ-001,Rosa Huamán,Norte,111.16,11.24,157.76,0,2.39
2024-06-25,Día,EQ-003,Carlos Mendoza,Oeste,153.14,8.01,210.49,0,1.64
2024-06-25,Día,EQ-003,Rosa Huamán,Este,160.27,8.95,182.12,0,2.39
2024-06-25,Día,EQ-005,Carlos Mendoza,Este,146.76,12.0,207.87,0,2.38
2024-06-25,Noche,EQ-002,Miguel Quispe,Oeste,35.58,8.19,82.0,0,3.02
2024-06-25,Día,EQ-005,Pedro Sánchez,Norte,140.94,11.01,198.09,0,2.58
2024-06-26,Noche,EQ-005,Carlos Mendoza,Este,176.17,9.39,215.85,0,2.84
2024-06-26,Noche,EQ-002,María García,Sur,104.21,9.44,145.17,0,3.48
2024-06-26,Día,EQ-002,María García,Oeste,147.27,12.0,225.1,0,2.63
2024-06-26,Noche,EQ-005,Ana Torres,Este,143.03,12.0,200.83,0,2.57
2024-06-26,Día,EQ-005,José Rodríguez,Oeste,123.5,9.74,183.8,0,2.61
2024-06-27,Día,EQ-005,Rosa Huamán,Oeste,,8.99,166.94,0,1.9
2024-06-27,Día,EQ-004,Miguel Quispe,Norte,127.35,12.0,206.35,0,2.19
2024-06-28,Noche,EQ-004,María García,Norte,144.21,8.11,165.34,0,2.8
2024-06-28,Noche,EQ-005,Carlos Mendoza,Sur,152.48,11.07,225.1,0,2.6
2024-06-29,Noche,EQ-004,Miguel Quispe,Oeste,79.91,12.0,137.23,0,3.02
2024-06-29,Noche,EQ-003,Roberto Díaz,Este,176.48,12.0,235.76,3,1.67
2024-06-29,Día,EQ-002,Luis Vargas,Norte,150.16,8.01,205.95,0,2.6
string,string,string,string,string,0.0,0.0,0.0,0,0.0
string,string,string,string,string,0.0,0.0,0.0,0,0.0
